{
  "Component-dbg.js": 1759828821088,
  "controller/App.controller.js": 1759828821096,
  "controller/MainView.controller.js": 1760517641525,
  "model/models.js": 1759828821092,
  "manifest.json": 1760526872526,
  "Component.js": 1759828821088,
  "model/models-dbg.js": 1759828821092,
  "model/models.js.map": 1760678638708,
  "controller/MainView-dbg.controller.js": 1760517641525,
  "controller/MainView.controller.js.map": 1760678638732,
  "controller/App-dbg.controller.js": 1759828821096,
  "controller/App.controller.js.map": 1760678638720,
  "i18n/i18n.properties": 1760428134928,
  "Component.js.map": 1760678638740,
  "Component-preload.js": 1760678638855,
  "Component-preload.js.map": 1760678638855,
  "view/MainView.view.xml": 1760522523355,
  "view/App.view.xml": 1759828821096,
  "fonts/SCProsperSans-Regular.woff2": 1759942203105,
  "fonts/SCProsperSans-Regular.woff": 1759942203105,
  "fonts/SCProsperSans-Regular.ttf": 1759942203105,
  "fonts/SCProsperSans-Regular.svg": 1759942203101,
  "fonts/SCProsperSans-Regular.eot": 1759942203101,
  "fonts/SCProsperSans-Medium.woff2": 1759942203101,
  "fonts/SCProsperSans-Medium.woff": 1759942203101,
  "fonts/SCProsperSans-Medium.ttf": 1759942203101,
  "fonts/SCProsperSans-Medium.svg": 1759942203097,
  "fonts/SCProsperSans-Medium.eot": 1759942203097,
  "fonts/SCProsperSans-Light.woff2": 1759942203097,
  "fonts/SCProsperSans-Light.woff": 1759942203097,
  "fonts/SCProsperSans-Light.ttf": 1759942203097,
  "fonts/SCProsperSans-Light.svg": 1759942203093,
  "fonts/SCProsperSans-Light.eot": 1759942203093,
  "fonts/SCProsperSans-Bold.woff2": 1759942203093,
  "fonts/SCProsperSans-Bold.woff": 1759942203093,
  "fonts/SCProsperSans-Bold.ttf": 1759942203093,
  "fonts/SCProsperSans-Bold.svg": 1759942203085,
  "fonts/SCProsperSans-Bold.eot": 1759942203085,
  "css/style.css": 1760522457047,
  "index.html": 1760512393847
}